id,customer_id,departament_id,employee_id,order_type_id,order_status,order_date,return_date
1,87,7,60,4,pending,2019-04-24 04:33:08,2019-04-27 00:33:08
2,129,7,4,4,shipped,2019-02-06 00:47:54,2019-02-06 02:52:54
3,156,8,95,4,on hold,2019-06-20 03:45:07,2019-07-22 14:50:07
4,401,7,56,1,pending,2019-07-23 05:22:45,2019-07-26 05:22:48
5,38,8,63,4,shipped,2019-09-03 09:30:23,2019-09-03 11:34:23
6,654,4,13,4,shipped,2019-01-06 00:06:53,2019-01-06 02:07:57
7,779,7,4,4,on hold,2018-06-19 07:11:17,2018-07-16 07:14:20
8,641,4,99,4,shipped,2019-07-14 20:47:39,2019-07-14 22:48:41
9,206,8,37,4,on hold,2019-07-22 22:20:58,2019-08-17 22:21:00
10,294,8,84,1,on hold,2019-01-05 15:58:15,2019-01-07 19:04:18
11,484,4,45,4,on hold,2019-04-13 07:40:28,2019-04-14 09:40:30
12,94,6,85,4,shipped,2018-04-24 16:55:19,2018-04-24 17:56:21
13,375,8,35,4,on hold,2018-10-27 18:54:25,2018-10-13 03:54:28
14,573,7,74,2,pending,2019-05-27 05:14:21,2019-05-27 03:19:25
15,582,,48,4,pending,2018-12-20 16:23:33,2018-12-21 13:25:38
16,276,7,38,4,shipped,2019-06-14 18:33:27,2019-06-14 18:36:30
17,517,7,3,4,on hold,2018-04-13 19:06:02,2018-04-25 17:11:07
18,580,8,80,4,on hold,2019-03-17 10:02:18,2019-04-11 18:05:21
19,276,2,58,3,delayed,2019-10-28 03:20:34,2019-12-28 21:22:37
20,454,8,65,1,delayed,2018-01-19 03:32:00,2018-01-11 20:33:05
21,564,8,80,1,shipped,2019-08-10 22:48:08,2019-08-11 00:52:08
22,508,2,58,2,delayed,2019-03-28 05:43:44,2019-05-09 22:46:49
23,750,8,96,4,shipped,2018-04-29 05:25:07,2018-04-29 05:25:11
24,763,8,33,4,shipped,2018-10-12 00:06:40,2018-10-12 01:08:45
25,21,4,72,3,on hold,2018-09-26 17:10:18,2018-10-28 21:10:19
26,53,7,89,3,on hold,2018-04-22 07:29:13,2018-04-29 18:35:19
27,570,8,31,4,pending,2019-08-10 16:55:26,2019-08-13 11:57:31
28,687,8,83,4,shipped,2019-11-30 04:46:34,2019-11-30 06:50:34
29,600,8,31,1,on hold,2018-11-03 17:32:11,2018-11-05 09:33:12
30,17,7,41,4,shipped,2019-04-01 21:00:31,2019-04-01 21:06:34
31,164,7,98,4,shipped,2018-01-03 13:02:18,2018-01-03 14:05:24
32,528,4,32,4,on hold,2019-12-25 23:03:42,2020-01-16 05:04:42
33,158,4,20,4,on hold,2019-02-19 16:06:09,2019-03-26 07:10:10
34,736,4,72,4,shipped,2020-02-06 03:32:21,2020-02-06 03:37:24
35,360,2,52,1,delayed,2019-03-09 22:18:56,2019-04-07 23:23:57
36,66,7,98,4,on hold,2018-10-31 16:46:42,2018-11-18 21:52:48
37,419,4,29,1,pending,2018-02-16 01:37:40,2018-02-16 03:42:41
38,777,4,86,4,delayed,2018-08-24 23:08:46,2018-09-02 15:12:49
39,618,7,39,4,on hold,2019-06-10 01:02:13,2019-06-29 05:06:14
40,380,7,56,4,on hold,2018-12-08 05:10:30,2019-12-14 13:10:32
41,5,8,8,4,on hold,2018-11-19 09:51:19,2018-11-13 00:53:22
42,81,8,82,4,pending,2020-01-18 20:34:45,2020-01-19 09:38:46
43,387,8,75,4,pending,2019-02-06 13:05:02,2019-02-08 09:05:04
44,646,8,77,4,shipped,2019-01-28 14:19:04,2019-01-28 14:25:04
45,2,7,9,2,on hold,2019-05-19 23:49:59,2019-05-12 05:53:01
46,155,8,80,4,on hold,2019-05-05 18:26:07,2019-05-28 06:31:13
47,459,4,32,4,shipped,2019-06-11 07:18:17,2019-06-11 08:19:18
48,744,4,69,3,delayed,2020-02-23 03:37:00,2020-05-06 07:38:00
49,789,7,74,4,pending,2018-11-01 01:12:29,2018-11-03 20:13:35
50,244,4,34,1,delayed,2019-02-13 06:49:19,2019-04-14 15:55:20
51,103,8,79,1,shipped,2019-01-27 03:18:24,2019-01-27 03:22:28
52,229,8,33,3,on hold,2020-01-10 12:43:47,2020-02-23 22:47:48
53,591,8,65,4,delayed,2019-03-13 06:12:43,2019-05-20 20:13:45
54,480,4,15,4,pending,2019-08-02 07:14:21,2019-08-04 03:20:23
55,379,7,38,4,on hold,2019-08-25 10:00:41,2019-09-18 07:05:46
56,73,4,32,4,delayed,2019-05-25 04:32:04,2019-07-02 12:37:05
57,198,4,78,4,delayed,2018-06-29 11:23:44,2018-09-16 00:29:45
58,92,2,14,4,shipped,2018-04-18 20:06:18,2018-04-18 20:08:23
59,51,2,51,1,on hold,2019-09-13 13:51:32,2019-09-22 17:55:34
60,289,8,31,1,pending,2019-10-24 19:57:45,2019-10-25 04:01:51
61,391,8,37,4,delayed,2018-06-25 23:29:23,2018-07-13 16:34:25
62,482,7,49,4,on hold,2018-10-31 01:48:01,2018-11-23 15:48:04
63,623,8,33,1,delayed,2018-10-07 18:41:26,2018-10-22 21:46:26
64,108,8,70,4,pending,2018-12-03 02:59:14,2018-12-03 10:04:16
65,70,4,21,4,pending,2018-11-14 14:16:04,2018-11-15 15:18:10
66,331,8,84,4,on hold,2019-03-08 03:50:37,2019-03-27 02:50:38
67,106,7,66,3,delayed,2018-11-03 17:22:14,2019-01-04 04:25:17
68,658,4,86,4,pending,2019-05-29 04:53:25,2019-05-30 05:55:30
69,397,8,16,4,on hold,2019-09-27 13:35:01,2019-10-28 22:39:05
70,367,2,58,4,shipped,2018-07-24 05:24:23,2018-07-24 07:25:29
71,226,8,79,4,pending,2019-05-09 22:13:44,2019-05-12 21:17:49
72,437,8,16,4,shipped,2018-07-15 03:14:24,2018-07-15 03:19:24
73,319,2,14,4,pending,2019-08-29 19:56:05,2019-09-30 07:56:09
74,386,4,18,4,on hold,2018-02-07 02:58:58,2018-02-15 01:58:59
75,168,4,29,2,on hold,2019-07-27 13:05:42,2019-08-06 03:11:44
76,463,4,71,4,delayed,2020-02-15 14:00:32,2020-02-07 18:02:38
77,365,4,45,4,shipped,2019-11-26 13:53:35,2019-11-26 13:55:35
78,161,6,12,4,pending,2020-01-05 18:25:21,2020-01-06 15:27:22
79,97,4,32,4,delayed,2019-04-07 22:15:57,2019-05-06 17:21:58
80,662,7,49,4,pending,2019-08-13 20:14:31,2019-08-16 05:19:34
81,732,4,22,1,pending,2019-12-09 16:35:57,2019-12-13 01:39:00
82,784,4,54,4,shipped,2019-04-19 14:03:56,2019-04-19 14:05:57
83,392,8,68,4,shipped,2018-03-06 06:47:53,2018-03-06 08:48:54
84,673,4,69,1,shipped,2018-12-30 02:41:55,2018-12-30 02:47:58
85,247,4,55,4,on hold,2019-05-14 10:20:08,2019-05-30 19:20:09
86,130,4,69,4,on hold,2018-06-30 01:08:20,2018-07-14 02:12:20
87,787,8,65,4,shipped,2019-05-14 13:27:50,2019-05-14 15:30:51
88,77,4,54,1,shipped,2018-11-01 18:06:46,2018-11-01 20:09:52
89,696,7,3,4,on hold,2019-01-08 04:36:28,2019-01-03 11:39:32
90,704,4,55,1,on hold,2020-01-12 14:41:04,2020-01-02 02:43:07
91,197,7,76,1,on hold,2019-07-14 04:09:20,2019-07-04 17:13:20
92,739,8,84,4,delayed,2019-08-05 04:41:49,2019-09-25 06:47:50
93,174,7,60,4,pending,2019-07-02 13:56:41,2019-07-03 13:57:45
94,726,2,51,1,on hold,2018-12-30 17:22:35,2019-01-19 20:22:35
95,331,7,24,3,shipped,2019-12-29 02:40:08,2019-12-29 02:45:11
96,558,8,83,4,pending,2018-06-29 20:41:42,2018-07-01 08:42:42
97,548,2,19,4,shipped,2020-03-02 00:50:34,2020-03-02 00:51:37
98,533,4,69,4,pending,2018-06-23 00:33:17,2018-06-23 00:35:17
99,470,7,3,4,on hold,2019-03-06 12:35:01,2019-04-07 08:40:03
100,649,8,42,1,on hold,2018-11-23 00:21:18,2018-12-12 05:25:21
101,9,7,49,2,delayed,2019-10-28 01:57:24,2019-11-23 06:59:24
102,425,4,86,4,pending,2019-07-04 12:52:43,2019-07-08 04:53:45
103,492,8,31,2,delayed,2019-02-27 17:10:30,2019-04-28 08:16:30
104,547,8,70,1,delayed,2019-08-06 17:21:52,2019-08-13 05:26:52
105,578,2,91,4,shipped,2018-11-28 19:49:26,2018-11-28 20:49:26
106,673,2,62,4,delayed,2019-09-14 09:22:59,2019-10-12 04:29:03
107,610,7,44,3,shipped,2019-04-23 02:23:40,2019-04-23 04:29:42
108,450,2,14,4,shipped,2019-12-30 20:28:31,2019-12-30 20:34:34
109,448,8,65,4,on hold,2019-04-22 19:32:56,2019-04-04 22:34:02
110,770,4,67,1,pending,2018-05-07 21:01:34,2018-05-10 04:02:34
111,35,7,60,1,on hold,2019-02-03 00:31:47,2019-02-25 10:31:49
112,743,7,66,2,pending,2018-12-20 20:48:59,2018-12-24 08:50:03
113,505,8,83,4,delayed,2018-09-14 05:02:43,2018-12-11 17:02:48
114,411,7,89,4,shipped,2018-06-13 01:10:07,2018-06-13 02:14:12
115,319,4,32,4,pending,2018-03-27 09:04:07,2018-03-29 12:07:11
116,308,4,17,4,delayed,2019-10-25 08:49:50,2019-11-11 18:53:51
117,502,8,68,4,delayed,2018-07-30 02:59:14,2018-08-10 14:03:16
118,257,7,90,4,on hold,2018-06-26 09:16:09,2018-07-28 02:19:12
119,589,2,52,4,delayed,2018-02-12 19:00:22,2018-03-06 19:00:23
120,755,8,61,4,on hold,2019-10-14 19:50:13,2019-11-23 11:55:18
121,190,7,90,4,shipped,2018-12-29 03:27:57,2018-12-29 03:29:58
122,678,4,29,2,on hold,2018-11-07 03:43:20,2018-11-03 20:45:26
123,374,6,12,4,shipped,2019-05-31 09:49:33,2019-05-31 09:53:36
124,743,4,72,4,on hold,2018-05-05 10:53:45,2018-05-27 14:53:50
125,661,7,87,3,shipped,2019-06-28 07:21:10,2019-06-28 08:27:11
126,387,8,16,4,on hold,2018-09-17 00:37:53,2018-10-10 00:43:55
127,504,8,61,4,shipped,2018-11-20 13:17:13,2018-11-20 14:23:19
128,186,4,18,4,shipped,2019-03-10 11:39:54,2019-03-10 13:41:55
129,448,7,44,4,on hold,2018-06-24 17:49:44,2018-06-10 15:53:48
130,700,,48,4,on hold,2019-03-21 08:55:26,2019-04-02 07:00:28
131,647,8,63,4,shipped,2019-09-07 04:27:51,2019-09-07 05:27:57
132,298,8,28,4,shipped,2018-10-26 01:05:11,2018-10-26 03:10:15
133,682,4,43,3,pending,2019-01-17 08:12:09,2019-01-17 02:13:12
134,540,8,79,3,delayed,2019-03-30 22:26:50,2019-05-11 19:28:55
135,673,3,81,4,on hold,2018-01-17 10:53:41,2018-02-26 22:56:42
136,632,7,27,2,shipped,2018-05-22 15:07:12,2018-05-22 17:09:18
137,526,4,29,1,shipped,2018-07-02 11:58:13,2018-07-02 13:00:19
138,552,7,56,4,on hold,2020-02-04 19:39:27,2020-02-22 06:43:33
139,138,4,18,4,on hold,2020-02-27 17:12:45,2020-02-06 16:13:45
140,399,4,54,4,pending,2018-08-26 21:33:08,2018-08-28 22:33:12
141,131,8,16,4,pending,2019-06-18 09:07:51,2019-06-21 03:12:55
142,638,8,8,2,pending,2019-04-04 21:36:32,2019-04-07 00:42:35
143,783,7,53,4,shipped,2018-03-27 15:56:00,2018-03-27 17:58:00
144,371,7,66,1,on hold,2019-05-25 19:04:37,2019-05-31 21:04:39
145,224,4,32,4,shipped,2019-03-26 14:57:08,2019-03-26 15:00:10
146,408,2,62,3,on hold,2018-08-11 02:18:03,2018-08-18 23:21:09
147,417,8,88,4,pending,2019-01-25 13:56:02,2019-01-27 12:00:07
148,169,4,21,4,on hold,2019-05-31 08:58:45,2019-06-22 14:59:50
149,301,7,94,4,shipped,2018-07-28 04:06:17,2018-07-28 06:11:21
150,83,4,34,4,pending,2020-02-26 05:40:49,2020-02-29 11:40:52
151,163,4,21,4,shipped,2019-08-31 02:21:26,2019-08-31 02:24:28
152,608,7,49,1,pending,2019-03-03 11:07:03,2019-03-04 07:12:09
153,768,4,92,4,pending,2019-12-04 11:11:00,2019-12-06 05:16:01
154,23,6,25,4,delayed,2018-03-11 20:05:16,2018-03-02 09:08:17
155,523,8,37,4,on hold,2018-05-18 12:30:28,2018-06-29 04:32:31
156,627,4,29,4,pending,2020-01-29 23:53:27,2020-02-01 14:59:31
157,385,7,56,4,pending,2019-09-28 05:15:24,2019-09-01 04:21:25
158,200,8,79,4,pending,2019-05-14 00:20:05,2019-05-15 02:21:10
159,712,2,51,2,shipped,2020-01-20 22:48:05,2020-01-20 22:48:10
160,472,4,46,1,on hold,2018-04-17 09:04:32,2018-04-22 05:09:36
161,237,2,91,4,shipped,2019-08-21 20:16:39,2019-08-21 21:20:45
162,360,8,88,4,pending,2018-01-26 22:21:46,2018-01-28 22:21:48
163,529,7,87,1,delayed,2019-05-16 13:35:33,2019-06-17 14:40:36
164,671,8,63,4,on hold,2019-02-01 11:59:10,2019-02-21 00:59:15
165,629,8,,4,shipped,2019-06-18 15:23:52,2019-06-18 15:24:54
166,502,4,22,4,on hold,2019-09-05 20:38:09,2019-10-18 13:42:09
167,130,8,31,4,pending,2019-04-30 10:04:48,2019-05-03 03:08:54
168,481,3,81,4,shipped,2020-01-12 11:17:35,2020-01-12 11:19:41
169,688,7,74,2,on hold,2018-07-04 07:53:46,2018-07-06 03:56:46
170,151,8,88,4,delayed,2020-01-05 15:41:33,2020-01-16 00:44:37
171,340,7,74,2,pending,2018-11-10 09:36:27,2018-11-10 22:40:33
172,587,6,40,1,shipped,2019-09-30 18:05:33,2019-09-30 19:05:35
173,210,4,17,4,delayed,2019-11-16 05:26:36,2020-11-26 10:32:42
174,337,7,89,4,delayed,2018-02-05 04:16:35,2018-04-05 06:17:40
175,210,4,46,1,pending,2018-11-23 18:36:18,2018-11-27 16:36:20
176,616,7,90,4,delayed,2018-02-15 21:51:59,2018-03-09 02:53:00
177,682,4,17,2,shipped,2018-04-14 20:09:56,2018-04-14 22:10:02
178,124,8,28,1,shipped,2019-06-16 03:38:51,2019-06-16 04:41:56
179,379,4,6,1,pending,2018-11-24 06:18:27,2018-11-24 02:18:29
180,533,4,6,1,on hold,2018-10-27 03:48:27,2018-11-06 06:48:33
181,310,8,36,4,shipped,2019-02-27 21:26:53,2019-02-27 21:28:58
182,238,4,10,1,pending,2018-09-28 11:37:58,2018-09-02 21:40:04
183,504,4,55,4,on hold,2019-07-03 00:51:28,2019-07-12 10:57:34
184,758,2,14,4,shipped,2018-09-06 22:24:14,2018-09-06 22:26:15
185,465,7,44,4,pending,2018-06-18 07:40:24,2018-06-20 03:40:27
186,156,7,76,1,on hold,2019-08-30 15:51:13,2019-09-05 21:56:17
187,49,8,42,4,delayed,2019-03-06 20:48:52,2019-05-22 14:51:55
188,704,7,74,4,on hold,2018-02-27 07:06:13,2018-03-10 13:12:15
189,670,4,99,4,delayed,2019-06-30 07:56:38,2019-07-16 01:58:41
190,204,2,58,3,on hold,2019-02-08 17:36:27,2019-02-05 01:39:29
191,752,7,60,2,on hold,2018-08-08 12:58:48,2018-08-21 00:03:53
192,398,8,82,3,on hold,2020-02-11 01:52:55,2020-03-22 13:57:58
193,286,4,17,4,pending,2019-08-05 16:35:13,2019-08-08 23:39:17
194,665,4,17,1,on hold,2019-08-01 00:42:49,2019-08-09 01:43:50
195,351,8,68,4,delayed,2018-08-10 17:09:50,2018-10-24 13:10:53
196,763,8,7,4,delayed,2018-12-16 06:31:00,2018-12-04 21:33:02
197,441,7,60,2,pending,2019-03-28 08:33:36,2019-03-30 20:37:40
198,238,7,76,4,shipped,2018-01-16 22:38:17,2018-01-16 23:38:21
199,43,,47,4,pending,2018-12-24 19:02:50,2018-12-25 17:03:55
200,209,4,18,1,delayed,2019-07-31 14:36:19,2019-09-12 10:37:21
201,37,8,68,1,pending,2018-11-22 20:37:23,2018-11-24 12:39:26
202,575,2,14,1,shipped,2019-06-27 12:01:12,2019-06-27 13:03:13
203,22,4,6,4,on hold,2018-11-30 20:16:44,2018-12-22 19:20:50
204,167,2,51,4,pending,2018-11-10 02:24:06,2018-11-11 11:24:10
205,536,7,49,4,pending,2019-06-30 23:37:03,2019-07-04 00:37:08
206,355,7,3,4,on hold,2018-11-24 19:31:58,2018-11-25 07:33:00
207,285,8,11,2,shipped,2019-09-03 11:30:06,2019-09-03 11:32:07
208,23,7,3,4,on hold,2019-12-04 21:44:51,2019-12-13 01:47:55
209,416,4,23,4,delayed,2019-01-28 02:04:05,2019-03-21 22:10:11
210,147,8,82,4,on hold,2019-11-15 19:09:39,2019-12-09 23:13:44
211,46,4,6,4,delayed,2020-02-18 20:02:51,2020-04-20 18:06:57
212,63,8,57,1,on hold,2019-01-25 08:52:52,2019-01-27 02:54:58
213,407,4,55,3,shipped,2018-06-01 20:41:39,2018-06-01 22:44:44
214,280,7,44,2,delayed,2019-04-09 18:25:10,2019-06-06 19:25:10
215,103,2,52,4,on hold,2019-03-01 11:19:20,2019-03-29 14:23:26
216,654,8,68,4,shipped,2020-01-03 19:46:22,2020-01-03 20:50:25
217,276,4,45,1,on hold,2018-07-08 03:55:44,2018-07-19 14:55:45
218,752,8,65,4,pending,2018-05-27 18:45:44,2018-05-29 18:50:50
219,764,7,76,4,shipped,2019-04-16 23:55:41,2019-04-17 23:59:45
220,683,4,23,1,on hold,2019-02-14 15:40:56,2019-02-26 14:46:01
221,106,8,30,4,pending,2018-10-14 01:15:33,2018-10-14 03:20:39
222,778,8,31,4,delayed,2018-09-12 00:09:17,2018-11-06 19:15:18
223,681,8,61,1,on hold,2018-03-03 05:12:02,2018-03-11 18:12:03
224,485,4,86,4,delayed,2019-01-25 03:36:10,2019-01-20 19:40:13
225,87,4,54,4,pending,2019-11-28 19:39:22,2019-11-30 08:45:26
226,249,2,62,3,pending,2019-11-25 22:20:19,2019-11-27 17:23:20
227,162,7,41,4,delayed,2020-03-03 07:36:16,2020-05-05 08:42:18
228,645,2,58,2,on hold,2018-05-25 00:46:25,2018-05-27 18:48:28
229,203,,47,4,delayed,2018-05-07 15:32:32,2018-05-20 14:37:36
230,250,2,1,4,delayed,2019-03-17 01:31:26,2019-03-25 18:34:31
231,732,7,87,4,shipped,2019-07-26 14:30:17,2019-07-26 14:36:21
232,85,7,94,4,pending,2019-03-27 23:46:06,2019-03-29 04:48:10
233,347,4,69,4,pending,2018-01-30 15:12:30,2018-02-01 02:17:31
234,501,2,91,1,delayed,2019-12-06 22:46:20,2020-12-20 23:50:21
235,47,7,60,4,pending,2019-06-21 03:35:48,2019-06-23 07:36:53
236,303,7,4,4,delayed,2018-04-04 04:32:45,2018-05-26 10:32:51
237,425,7,60,1,pending,2020-01-29 02:14:19,2020-01-31 12:16:22
238,307,4,72,4,shipped,2018-02-26 02:09:15,2018-02-26 02:13:20
239,649,6,40,4,shipped,2019-10-06 22:40:04,2019-10-07 22:43:09
240,67,6,85,3,shipped,2020-02-17 20:34:15,2020-02-17 20:38:18
241,48,8,61,4,pending,2018-04-25 07:15:07,2018-04-28 19:18:13
242,373,4,92,4,on hold,2018-09-07 14:39:44,2018-09-09 18:41:48
243,298,8,31,4,delayed,2019-08-22 01:06:07,2019-10-27 09:08:12
244,173,7,89,1,delayed,2018-10-18 17:43:35,2018-01-30 06:45:38
245,140,4,92,4,pending,2019-05-14 22:20:31,2019-05-15 08:23:33
246,662,4,17,1,shipped,2018-06-01 10:08:48,2018-06-01 11:10:53
247,353,7,66,4,pending,2019-09-30 07:43:10,2019-10-03 02:49:13
248,48,2,62,4,shipped,2018-06-28 15:08:46,2018-06-28 15:14:47
249,275,7,94,4,shipped,2018-11-20 18:19:04,2018-11-20 19:22:05
250,99,4,45,1,delayed,2019-11-10 03:30:12,2019-02-30 19:30:12
251,292,8,75,4,delayed,2018-11-22 20:54:53,2019-01-26 11:55:58
252,89,8,7,3,shipped,2019-07-20 17:09:17,2019-07-20 18:14:23
253,579,8,88,3,shipped,2018-07-11 03:01:18,2018-07-11 04:06:24
254,751,4,18,4,shipped,2018-11-22 09:41:58,2018-11-22 10:47:02
255,263,4,13,2,shipped,2019-04-20 22:38:38,2019-04-20 22:40:38
256,477,7,94,4,pending,2019-08-19 12:12:44,2019-08-19 22:17:50
257,23,8,33,4,shipped,2018-02-25 08:53:22,2018-02-25 09:59:22
258,789,8,33,4,pending,2019-02-21 00:22:31,2019-02-21 11:24:31
259,447,8,7,4,shipped,2018-01-04 15:11:32,2018-01-04 15:14:37
260,776,4,45,2,delayed,2019-08-05 10:55:25,2019-10-14 17:57:30
261,96,8,35,4,shipped,2018-01-31 14:36:13,2018-01-31 14:40:13
262,167,4,99,4,delayed,2018-05-01 22:39:25,2018-05-04 07:43:31
263,684,7,27,4,shipped,2019-02-26 16:26:40,2019-02-26 17:29:44
264,242,8,77,4,on hold,2018-08-18 09:33:29,2018-08-14 09:36:29
265,150,4,72,4,on hold,2019-03-24 11:35:19,2019-04-29 13:35:19
266,423,7,89,4,on hold,2018-03-20 21:33:26,2018-04-01 20:36:28
267,17,7,53,4,shipped,2018-06-17 23:29:12,2018-06-17 01:31:16
268,168,8,30,4,on hold,2019-04-16 06:04:49,2019-05-19 21:04:55
269,740,8,82,4,shipped,2019-04-23 05:47:15,2019-04-23 05:47:19
270,752,8,8,1,shipped,2018-09-03 12:10:57,2018-09-03 12:14:02
271,267,4,69,4,shipped,2019-05-17 09:09:49,2019-05-17 11:12:52
272,159,2,91,4,delayed,2019-08-03 01:06:54,2019-09-14 22:10:00
273,395,4,6,4,shipped,2018-07-30 00:16:54,2018-07-30 00:22:57
274,475,6,25,4,delayed,2019-10-01 12:13:57,2019-11-19 17:19:03
275,445,8,77,4,on hold,2020-02-05 15:02:20,2020-02-12 15:03:21
276,540,8,11,4,on hold,2018-03-31 11:45:04,2018-04-12 12:46:09
277,150,4,21,4,delayed,2019-11-07 01:27:19,2019-01-14 10:27:23
278,204,7,59,1,on hold,2019-08-29 18:18:09,2019-09-14 02:23:09
279,378,8,70,4,delayed,2018-04-28 14:25:54,2018-06-07 18:26:55
280,350,8,95,4,on hold,2018-12-07 18:59:05,2018-01-09 23:05:07
281,341,7,4,1,delayed,2018-03-28 19:56:03,2018-06-04 09:58:05
282,603,8,36,1,delayed,2019-05-09 15:37:07,2019-06-05 19:37:11
283,32,4,46,4,delayed,2018-01-24 22:03:16,2018-04-07 18:03:18
284,629,8,79,1,shipped,2018-05-18 17:43:39,2018-05-18 17:43:42
285,600,8,61,3,delayed,2020-01-06 11:00:24,2020-01-16 02:01:29
286,197,8,42,2,shipped,2018-04-06 17:28:37,2018-04-06 17:28:43
287,54,6,12,2,pending,2020-02-13 18:51:14,2020-02-17 11:51:20
288,246,7,98,4,delayed,2018-03-21 11:36:14,2018-05-26 02:42:18
289,201,6,25,1,delayed,2018-03-25 10:29:21,2018-03-04 17:29:24
290,776,8,8,4,on hold,2019-10-11 00:51:04,2019-10-20 21:56:10
291,422,8,37,3,pending,2019-08-11 16:10:00,2019-08-15 06:16:02
292,486,8,50,1,delayed,2018-07-09 09:04:55,2018-07-08 09:05:56
293,465,7,66,1,pending,2019-11-11 11:38:17,2019-11-14 02:38:20
294,181,8,37,1,pending,2019-05-02 06:26:27,2019-05-06 18:31:30
295,544,7,27,4,pending,2019-08-18 13:48:15,2019-08-19 17:54:16
296,151,7,76,4,on hold,2020-01-08 07:55:12,2020-01-29 22:59:17
297,151,4,32,4,delayed,2018-12-13 20:05:04,2019-01-29 11:08:09
298,392,8,82,2,delayed,2019-11-24 18:48:48,2020-12-15 17:52:54
299,134,8,50,4,shipped,2018-08-09 19:48:46,2018-08-09 20:51:48
300,162,8,84,4,shipped,2020-02-28 16:19:42,2020-02-28 18:21:44
301,379,8,77,4,delayed,2019-02-14 12:39:52,2019-04-12 07:41:52
302,114,8,64,2,delayed,2019-08-18 11:18:25,2019-09-04 01:22:29
303,214,4,23,1,shipped,2019-10-15 04:37:08,2019-10-15 05:38:10
304,475,7,59,4,delayed,2018-03-16 21:08:35,2018-05-21 08:13:39
305,530,4,15,1,on hold,2019-01-29 06:51:46,2019-02-09 21:52:48
306,652,7,41,2,pending,2018-05-07 12:15:38,2018-05-10 00:21:39
307,222,8,83,4,delayed,2019-07-10 08:12:20,2019-08-15 02:17:22
308,342,3,81,4,delayed,2018-05-05 21:11:25,2018-07-28 19:15:29
309,549,4,10,1,on hold,2018-12-02 11:23:38,2018-12-25 15:25:40
310,782,,47,4,shipped,2019-06-22 19:44:58,2019-06-22 20:45:59
311,64,8,84,4,shipped,2018-10-25 14:41:36,2018-10-25 15:46:41
312,67,4,10,3,shipped,2018-01-27 16:29:05,2018-01-27 17:35:10
313,452,4,29,1,delayed,2019-07-29 07:22:39,2019-09-20 18:25:42
314,759,4,86,4,pending,2018-10-14 23:56:12,2018-10-18 04:02:14
315,324,4,78,1,shipped,2019-05-09 11:06:32,2019-05-09 11:10:36
316,506,4,71,4,delayed,2018-01-07 22:11:14,2018-04-02 21:12:16
317,355,8,57,4,shipped,2018-10-09 20:45:22,2018-10-09 21:45:25
318,207,6,73,1,pending,2018-01-18 11:24:40,2018-01-19 20:25:40
319,271,8,50,4,on hold,2018-09-30 20:53:12,2018-10-19 06:53:15
320,560,8,79,1,shipped,2018-06-10 19:46:21,2018-06-10 21:48:24
321,453,7,76,3,pending,2019-05-24 18:23:37,2019-05-27 16:27:41
322,576,4,54,4,delayed,2018-07-29 17:25:55,2018-08-14 11:30:55
323,163,8,42,2,shipped,2019-03-13 17:53:31,2019-03-13 19:57:33
324,436,7,53,1,pending,2019-08-18 18:57:16,2019-08-21 10:00:22
325,171,4,55,4,on hold,2018-04-13 15:00:33,2018-04-19 00:01:34
326,286,8,80,4,pending,2018-07-03 02:11:58,2018-07-06 01:16:59
327,351,4,6,4,shipped,2019-11-23 02:15:44,2019-11-23 02:20:50
328,170,7,74,4,on hold,2019-06-02 19:25:13,2019-06-14 01:27:17
329,638,8,30,1,delayed,2018-01-01 21:07:57,2018-02-02 14:08:01
330,21,4,86,4,pending,2018-04-15 15:55:04,2018-04-19 19:00:10
331,403,8,,4,on hold,2019-01-22 07:14:24,2019-01-26 13:18:30
332,177,2,1,4,shipped,2019-03-31 16:46:46,2019-03-31 16:49:49
333,357,8,36,2,delayed,2018-12-15 16:41:52,2019-02-22 19:44:57
334,112,7,9,4,pending,2019-04-12 07:03:46,2019-04-14 05:03:50
335,342,4,46,1,delayed,2019-09-15 22:42:47,2019-09-06 00:44:49
336,625,4,21,4,delayed,2018-10-12 14:13:06,2018-11-29 01:18:09
337,492,4,54,4,shipped,2018-12-14 15:02:38,2018-12-14 15:08:39
338,219,7,90,4,pending,2019-09-16 23:16:39,2019-09-19 04:18:45
339,320,8,88,4,pending,2018-10-16 07:55:48,2018-10-16 05:00:48
340,294,7,89,4,on hold,2020-02-17 06:05:19,2020-03-28 16:07:23
341,431,8,77,1,delayed,2019-01-19 05:01:26,2019-03-05 15:01:29
342,415,8,96,3,shipped,2018-05-19 11:25:05,2018-05-19 12:28:07
343,10,8,63,4,on hold,2020-01-01 15:48:56,2020-01-12 08:50:02
344,559,8,95,3,pending,2018-11-14 05:04:12,2018-11-16 15:06:13
345,670,7,94,4,pending,2019-10-02 02:55:57,2019-10-02 04:55:57
346,572,7,66,2,pending,2019-06-05 22:59:50,2019-06-06 11:00:52
347,449,4,13,4,on hold,2019-04-17 06:11:14,2019-05-22 14:11:16
348,281,8,70,4,shipped,2020-01-16 11:09:20,2020-01-16 12:11:24
349,485,8,42,4,on hold,2018-06-20 10:43:05,2018-07-23 17:49:10
350,49,7,59,1,on hold,2018-10-28 14:34:07,2018-11-20 01:39:11
351,329,4,15,4,pending,2019-01-19 01:59:38,2019-01-20 20:03:42
352,787,6,73,2,shipped,2019-09-26 04:23:54,2019-09-26 05:23:54
353,129,4,32,1,delayed,2019-04-10 11:42:53,2019-06-23 19:44:57
354,32,8,16,2,delayed,2018-09-21 21:25:54,2018-11-23 14:26:00
355,208,8,64,4,pending,2020-01-04 16:29:17,2020-01-08 19:33:22
356,425,7,100,1,shipped,2018-07-07 04:17:18,2018-07-07 06:21:18
357,435,8,30,4,on hold,2019-04-22 02:52:07,2019-05-17 07:53:07
358,27,7,41,4,shipped,2018-07-15 16:04:38,2018-07-15 18:04:41
359,755,4,71,4,shipped,2019-06-11 05:25:16,2019-06-11 06:30:18
360,id,4,23,4,shipped,2019-05-11 17:27:14,2019-05-11 19:30:16
361,125,4,78,3,pending,2019-02-17 13:10:58,2019-02-18 05:13:03
362,611,4,67,4,on hold,2018-01-28 21:00:20,2018-02-13 00:05:23
363,561,4,15,4,on hold,2018-10-01 00:16:27,2018-10-24 16:16:27
364,765,8,50,4,delayed,2018-05-15 20:05:43,2018-07-20 22:09:46
365,343,6,25,1,on hold,2020-01-14 20:42:53,2020-02-10 07:46:55
366,665,8,16,1,delayed,2019-01-17 06:03:07,2019-01-26 06:07:07
367,26,4,20,1,shipped,2020-01-13 09:09:20,2020-01-13 11:09:23
368,595,2,91,2,delayed,2019-03-15 17:24:25,2019-05-24 04:27:29
369,671,7,4,1,delayed,2019-05-07 12:19:22,2019-08-21 08:19:24
370,159,2,51,4,on hold,2019-09-08 07:07:28,2019-09-12 14:09:31
371,229,8,11,1,pending,2019-07-26 18:33:56,2019-07-28 23:33:57
372,31,4,97,4,delayed,2018-03-29 09:15:24,2018-05-11 07:17:24
373,313,8,63,1,on hold,2018-10-24 21:26:01,2018-10-08 04:27:02
374,478,,48,2,on hold,2019-08-07 04:31:09,2019-08-09 14:32:15
375,149,8,68,3,pending,2018-04-18 13:47:35,2018-04-19 09:50:41
376,484,7,24,4,shipped,2019-09-13 14:38:56,2019-09-13 14:38:56
377,403,7,66,3,delayed,2019-06-16 18:43:07,2019-06-25 15:43:07
378,45,7,56,4,delayed,2018-12-08 19:07:53,2019-02-08 21:09:54
379,392,8,57,4,delayed,2019-10-29 21:50:59,2020-01-21 22:55:04
380,85,4,32,3,shipped,2019-05-19 18:40:24,2019-05-19 18:46:24
381,481,8,11,2,delayed,2019-03-27 05:04:55,2019-05-05 19:05:00
382,282,2,1,3,pending,2020-01-27 03:48:42,2020-01-30 23:50:43
383,379,7,59,4,shipped,2018-09-06 01:07:19,2018-09-06 01:11:23
384,531,4,69,4,shipped,2018-03-05 11:48:43,2018-03-05 13:50:44
385,123,6,40,4,on hold,2019-09-29 20:54:45,2019-09-13 11:00:51
386,118,,48,4,delayed,2018-06-06 01:55:08,2018-06-10 08:59:13
387,431,7,100,4,on hold,2018-10-21 05:50:25,2018-11-22 11:52:25
388,516,8,31,4,delayed,2018-06-24 23:41:36,2018-07-01 10:42:40
389,332,6,73,4,shipped,2019-09-25 19:14:00,2019-09-25 20:20:05
390,502,8,37,1,pending,2018-03-06 00:18:06,2018-03-09 10:21:10
391,653,8,95,2,pending,2018-07-09 23:57:58,2018-07-10 22:04:02
392,450,7,44,4,shipped,2019-03-20 21:13:11,2019-03-20 23:18:11
393,536,8,88,1,pending,2019-02-23 02:56:15,2019-02-23 15:58:15
394,663,7,39,4,pending,2020-01-30 04:30:16,2020-02-02 01:33:19
395,573,8,16,4,shipped,2018-08-18 20:08:49,2018-08-18 20:14:53
396,125,8,16,1,shipped,2018-08-10 06:33:28,2018-08-10 08:37:30
397,171,8,75,4,on hold,2019-07-23 09:04:40,2019-08-18 01:08:42
398,309,7,60,4,pending,2019-01-18 23:10:03,2019-01-20 00:15:07
399,527,4,10,4,shipped,2019-07-10 22:40:46,2019-07-10 00:40:46
400,45,4,92,1,delayed,2018-12-30 11:06:30,2019-02-07 15:12:36
401,719,4,22,1,on hold,2019-01-13 10:46:01,2019-01-08 06:50:04
402,665,4,23,4,on hold,2018-05-21 12:03:44,2018-06-04 05:06:44
403,625,8,31,4,on hold,2018-08-23 10:38:54,2018-09-04 07:42:57
404,697,7,41,4,delayed,2018-08-06 22:14:01,2018-10-22 02:15:03
405,784,8,80,2,on hold,2019-03-26 04:12:55,2019-04-20 13:13:55
406,531,2,19,2,pending,2018-05-06 11:52:36,2018-05-10 01:55:40
407,342,8,11,2,delayed,2019-09-15 10:30:52,2019-11-25 15:36:58
408,551,2,19,2,on hold,2019-04-02 21:00:46,2019-04-22 16:04:49
409,757,4,13,4,pending,2018-02-20 19:52:44,2018-02-21 21:53:50
410,174,2,58,1,on hold,2020-03-01 07:10:18,2020-03-24 09:15:22
411,789,7,9,4,pending,2018-01-04 11:42:07,2018-01-05 14:47:09
412,671,7,39,2,on hold,2018-11-23 17:21:38,2018-11-03 06:23:43
413,709,4,67,1,on hold,2019-04-09 18:43:50,2019-05-09 12:43:52
414,314,2,14,3,delayed,2020-02-08 05:25:11,2020-03-11 08:31:13
415,672,8,95,4,on hold,2019-06-10 19:42:01,2019-07-03 18:48:07
416,752,7,44,4,shipped,2019-09-07 06:56:36,2019-09-07 07:02:36
417,759,7,49,4,pending,2019-07-05 07:50:17,2019-07-05 13:56:19
418,97,4,15,4,pending,2019-05-01 02:42:08,2019-05-01 14:43:09
419,240,7,98,1,shipped,2019-09-16 11:43:37,2019-09-16 11:49:41
420,306,7,100,4,shipped,2018-08-27 04:55:04,2018-08-27 04:59:04
421,303,7,98,4,on hold,2019-12-10 10:05:58,2019-12-26 16:09:04
422,454,4,99,4,on hold,2019-02-09 18:43:33,2019-02-12 14:43:36
423,458,2,51,3,shipped,2018-06-23 09:30:12,2018-06-23 10:30:14
424,553,8,95,4,shipped,2018-10-29 03:14:15,2018-10-29 05:19:15
425,695,4,10,1,on hold,2018-08-26 23:52:02,2018-09-31 10:58:07
426,262,4,18,4,pending,2018-12-16 01:04:42,2018-12-18 12:04:48
427,770,2,52,4,shipped,2018-02-12 02:11:24,2018-02-12 02:15:24
428,734,7,87,1,delayed,2020-02-08 00:25:28,2020-03-26 11:28:34
429,719,4,67,1,pending,2020-01-24 10:59:39,2020-01-26 22:01:39
430,226,8,68,1,pending,2018-08-09 04:11:40,2018-08-10 15:13:44
431,47,4,93,1,shipped,2018-07-26 04:13:45,2018-07-26 05:14:48
432,345,8,30,4,delayed,2018-02-09 04:20:26,2018-04-23 21:22:30
433,320,7,39,1,pending,2019-01-29 12:40:42,2019-01-30 09:45:44
434,61,8,64,3,shipped,2019-02-12 15:31:26,2019-02-12 15:34:30
435,234,8,80,4,on hold,2018-01-01 19:46:26,2018-01-15 10:49:29
436,482,6,40,2,delayed,2019-08-10 15:55:58,2019-11-23 12:59:00
437,107,4,17,4,on hold,2019-03-30 07:06:12,2019-04-12 00:06:13
438,58,4,69,4,shipped,2018-03-01 17:31:33,2018-03-01 19:35:39
439,486,7,4,4,pending,2019-11-30 11:57:34,2019-12-01 12:00:35
440,159,2,62,4,pending,2019-12-13 18:27:10,2019-12-14 07:27:12
441,631,4,22,1,pending,2019-03-16 06:44:51,2019-03-16 07:50:57
442,418,4,6,1,delayed,2019-07-25 00:25:56,2019-08-05 07:30:02
443,569,8,57,1,delayed,2019-03-09 02:20:06,2019-04-18 07:25:08
444,435,2,91,4,on hold,2019-09-14 08:59:56,2019-09-11 01:04:59
445,324,4,92,4,shipped,2018-04-16 08:08:20,2018-04-16 09:13:22
446,29,7,41,1,on hold,2018-10-29 22:01:42,2018-11-07 15:02:45
447,124,4,92,1,shipped,2018-03-26 09:03:19,2018-03-26 10:04:20
448,789,2,91,4,delayed,2018-12-17 23:02:03,2019-02-18 12:05:06
449,700,4,72,3,shipped,2019-10-17 16:31:21,2019-10-17 17:34:25
450,90,7,9,2,pending,2019-12-26 17:12:30,2019-12-27 18:16:35
451,190,7,66,4,pending,2018-07-07 16:09:48,2018-07-09 17:13:48
452,517,4,23,2,on hold,2019-08-17 15:16:18,2019-08-29 13:17:23
453,36,4,34,1,on hold,2018-11-15 17:45:58,2018-12-04 10:47:03
454,204,4,17,4,on hold,2019-10-16 17:34:07,2019-10-30 01:36:11
455,270,7,94,4,shipped,2018-09-02 02:51:49,2018-09-02 02:57:49
456,323,8,84,1,delayed,2018-07-02 15:15:07,2018-08-18 23:15:08
457,651,7,9,4,delayed,2018-06-24 09:09:01,2018-07-08 02:13:02
458,354,7,66,1,on hold,2018-01-27 02:33:03,2018-02-18 13:39:06
459,696,8,64,1,shipped,2019-11-22 17:25:42,2019-11-22 18:25:45
460,234,7,100,3,delayed,2018-09-18 08:04:04,2018-12-08 15:09:10
461,346,8,88,4,pending,2018-01-19 22:46:04,2018-01-21 05:49:04
462,411,8,57,4,pending,2019-10-05 23:10:41,2019-10-07 07:10:42
463,79,6,40,4,shipped,2018-04-04 00:37:43,2018-04-04 02:39:44
464,137,7,60,4,shipped,2019-08-21 03:27:13,2019-08-21 04:29:14
465,21,8,95,4,shipped,2019-11-19 01:29:17,2019-11-19 02:35:21
466,315,8,8,1,pending,2019-07-30 02:00:31,2019-07-30 18:03:32
467,362,7,76,4,delayed,2019-03-30 02:42:32,2019-05-24 13:43:32
468,11,6,40,1,pending,2019-04-11 21:34:29,2019-04-15 12:36:33
469,395,4,99,4,on hold,2018-06-25 20:07:33,2018-07-21 17:09:33
470,781,8,33,4,pending,2018-04-04 01:58:27,2018-04-06 23:00:27
471,253,6,25,4,delayed,2019-09-12 14:13:33,2019-10-28 11:19:38
472,368,8,11,4,delayed,2019-05-12 09:53:53,2019-07-19 06:58:55
473,194,8,70,4,delayed,2019-10-27 05:54:18,2019-01-10 01:55:19
474,302,2,62,4,shipped,2019-10-09 02:53:18,2019-10-09 02:54:18
475,705,4,22,1,on hold,2019-01-14 11:32:23,2019-01-08 17:32:23
476,720,7,76,4,on hold,2018-12-02 15:02:48,2018-12-12 11:04:51
477,153,8,84,4,delayed,2018-09-18 09:36:04,2018-12-15 13:36:10
478,367,4,17,4,shipped,2019-02-11 03:05:28,2019-02-11 05:10:34
479,236,8,7,4,shipped,2019-09-18 00:49:56,2019-09-18 00:54:58
480,277,8,84,4,pending,2019-03-11 07:20:33,2019-03-13 03:26:37
481,250,4,93,4,on hold,2018-08-15 10:27:26,2018-08-18 13:27:27
482,715,4,13,1,delayed,2018-01-13 11:12:59,2018-03-09 14:15:03
483,478,8,80,1,pending,2019-07-24 05:58:33,2019-07-27 08:01:35
484,358,2,52,4,on hold,2018-03-04 01:39:42,2018-03-04 20:40:45
485,472,2,58,4,shipped,2020-02-12 17:04:50,2020-02-12 17:05:51
486,742,8,80,4,delayed,2019-02-11 04:10:12,2019-02-24 02:11:13
487,325,8,95,4,shipped,2018-01-12 19:11:45,2018-01-12 20:15:45
488,652,7,66,1,delayed,2019-09-15 09:23:29,2019-11-27 18:23:30
489,327,6,12,4,pending,2019-06-16 10:16:48,2019-06-17 03:20:54
490,10,2,51,4,delayed,2019-04-17 04:35:23,2019-07-16 13:38:28
491,490,8,11,4,pending,2018-01-10 02:03:25,2018-01-13 01:09:25
492,496,4,10,3,shipped,2019-02-07 10:39:53,2019-02-07 11:39:59
493,664,4,29,4,shipped,2018-08-11 13:16:34,2018-08-11 15:20:38
494,422,4,54,4,delayed,2018-04-24 23:03:31,2018-05-08 18:03:34
495,307,7,90,4,pending,2019-05-21 18:00:14,2019-05-23 06:05:16
496,377,6,73,4,delayed,2018-10-17 03:27:40,2019-12-05 21:28:42
497,42,7,94,4,on hold,2019-09-26 08:07:15,2019-09-08 07:09:19
498,19,8,61,1,shipped,2018-06-10 02:29:59,2018-06-10 04:31:01
499,542,,26,4,delayed,2019-09-14 16:48:52,2019-10-09 08:52:58
500,65,8,33,1,pending,2019-02-13 05:00:25,2019-02-15 03:05:25
501,653,7,90,4,pending,2018-09-12 19:24:45,2018-09-16 06:26:50
502,529,8,33,1,pending,2019-06-07 07:22:30,2019-06-08 21:27:32
503,688,7,44,1,on hold,2018-06-20 18:45:41,2018-07-08 07:48:43
504,598,7,89,4,delayed,2018-08-07 14:14:01,2018-08-08 06:16:05
505,661,6,40,4,on hold,2018-09-23 07:04:19,2018-10-11 11:06:22
506,479,4,72,4,pending,2019-02-15 00:20:23,2019-02-17 19:22:29
507,678,6,85,4,delayed,2019-01-30 20:52:41,2019-04-12 22:56:42
508,171,6,12,1,shipped,2019-07-23 13:23:56,2019-07-23 15:26:01
509,674,7,38,1,on hold,2019-08-19 14:28:06,2019-08-26 09:31:10
510,400,8,64,3,pending,2018-10-04 20:07:33,2018-10-07 18:12:38
511,693,7,74,4,pending,2018-03-19 22:52:07,2018-03-23 04:54:13
512,238,7,4,4,delayed,2019-01-23 23:56:51,2019-04-21 00:59:57
513,402,4,67,3,delayed,2020-01-31 05:55:32,2020-02-08 18:56:33
514,116,4,55,4,on hold,2018-04-11 00:28:52,2018-04-04 20:34:54
515,6,8,33,1,on hold,2018-09-16 06:39:40,2018-10-12 01:40:44
516,322,,26,4,pending,2019-06-04 05:17:50,2019-06-05 08:22:53
517,469,7,76,1,delayed,2018-08-01 08:33:20,2018-09-20 12:33:21
518,328,7,100,3,pending,2018-12-13 15:34:52,2018-12-15 06:37:56
519,591,2,58,4,on hold,2019-08-04 03:18:26,2019-08-04 17:22:30
520,644,4,34,1,on hold,2019-01-10 05:26:00,2019-02-14 05:30:05
521,87,4,92,4,pending,2018-02-07 14:44:21,2018-02-07 13:50:25
522,776,7,98,4,shipped,2018-06-15 10:37:02,2018-06-15 12:40:05
523,71,4,45,4,on hold,2018-11-27 06:38:45,2018-12-08 14:44:47
524,600,7,3,4,on hold,2018-05-07 18:21:15,2018-06-31 05:23:20
525,739,4,13,4,delayed,2020-02-11 21:57:11,2020-04-14 18:59:12
526,491,,48,1,shipped,2020-01-01 22:13:44,2020-01-02 22:15:50
527,403,8,70,4,shipped,2019-10-05 01:57:56,2019-10-05 02:58:57
528,585,4,13,3,shipped,2018-11-29 21:20:04,2018-11-29 21:24:09
529,465,8,28,4,on hold,2018-06-28 01:22:58,2018-07-14 15:26:04
530,250,3,81,4,pending,2018-10-02 09:12:22,2018-10-05 17:18:27
531,655,7,9,1,shipped,2019-02-05 18:41:59,2019-02-05 18:43:59
532,627,4,32,1,pending,2019-06-16 17:30:26,2019-06-18 17:30:27
533,419,,26,1,pending,2018-08-15 07:40:49,2018-08-17 23:41:55
534,484,2,52,4,shipped,2019-04-20 01:11:26,2019-04-20 03:13:29
535,160,7,60,1,on hold,2018-08-22 01:27:48,2018-08-07 12:27:51
536,212,4,34,1,shipped,2019-06-17 23:57:09,2019-06-17 01:03:14
537,230,6,25,4,shipped,2019-11-30 16:34:01,2019-11-30 17:39:02
538,244,4,21,4,on hold,2018-07-15 16:47:56,2018-07-25 03:50:58
539,242,7,27,1,delayed,2020-01-08 04:57:16,2020-02-21 14:57:18
540,388,8,16,4,delayed,2018-04-17 21:59:59,2018-05-13 23:06:04
541,552,7,56,4,on hold,2019-05-13 09:36:40,2019-05-19 18:38:42
542,1,7,94,4,shipped,2020-01-18 00:14:11,2020-01-18 02:20:11
543,767,4,29,3,delayed,2019-02-08 19:04:26,2019-03-02 01:05:28
544,502,8,30,4,shipped,2019-05-13 21:27:22,2019-05-13 21:28:24
545,54,8,7,4,delayed,2018-04-05 15:38:20,2018-06-03 11:41:24
546,286,4,21,1,shipped,2019-09-14 20:34:43,2019-09-14 21:35:47
547,776,7,49,1,delayed,2019-07-21 19:29:23,2019-08-02 14:34:23
548,323,4,13,4,pending,2019-07-03 23:51:37,2019-07-06 05:54:40
549,659,8,77,4,pending,2020-02-03 06:51:02,2020-02-05 14:52:02
550,596,4,78,1,on hold,2018-10-14 22:00:41,2018-11-29 16:05:45
551,15,4,72,4,shipped,2019-10-22 10:28:46,2019-10-22 10:31:52
552,748,3,81,4,shipped,2018-09-20 09:33:33,2018-09-20 11:35:34
553,186,8,79,4,delayed,2018-04-13 14:05:21,2018-07-18 11:11:26
554,523,4,71,3,pending,2018-07-26 04:20:43,2018-07-28 10:26:45
555,616,4,71,1,pending,2019-05-24 12:08:28,2019-05-27 09:10:33
556,485,8,83,1,delayed,2018-09-07 15:17:38,2018-09-12 00:21:42
557,787,7,38,1,delayed,2019-07-14 23:58:20,2019-09-16 06:58:21
558,324,4,13,4,on hold,2018-07-06 22:37:18,2018-07-27 07:37:22
559,767,7,74,4,on hold,2018-02-23 18:10:44,2018-02-08 11:16:47
560,195,7,27,4,delayed,2018-12-21 19:38:21,2019-01-14 15:41:25
561,680,6,73,4,pending,2018-01-10 05:34:33,2018-01-12 10:38:34
562,773,7,59,4,pending,2018-06-10 17:08:48,2018-06-13 12:09:48
563,28,6,73,4,delayed,2018-03-07 16:47:51,2018-03-13 02:53:55
564,744,8,82,3,shipped,2019-06-13 08:26:41,2019-06-13 08:26:42
565,20,8,68,4,shipped,2019-01-03 05:49:12,2019-01-03 06:50:16
566,727,4,72,1,shipped,2019-11-16 10:51:19,2019-11-16 10:54:20
567,394,4,54,4,delayed,2019-02-14 09:52:43,2019-02-01 10:58:47
568,751,4,20,4,on hold,2018-06-19 23:33:02,2018-07-22 07:34:02
569,72,8,96,4,delayed,2019-01-07 23:47:01,2019-02-28 15:52:06
570,145,4,32,4,on hold,2019-01-06 07:44:54,2019-01-09 22:48:59
571,707,8,42,1,on hold,2019-09-09 05:46:03,2019-09-24 05:51:03
572,529,4,46,4,on hold,2018-04-11 09:26:19,2018-05-16 23:32:21
573,84,7,89,1,pending,2019-12-01 14:11:48,2019-12-04 11:12:49
574,67,4,23,3,pending,2018-10-20 13:36:16,2018-10-22 15:42:21
575,376,7,24,2,on hold,2019-10-28 20:15:30,2019-11-08 03:20:35
576,493,2,51,4,shipped,2018-05-21 06:59:38,2018-05-21 09:00:43
577,621,2,52,4,shipped,2018-03-17 14:00:46,2018-03-17 14:02:52
578,597,2,91,4,on hold,2019-02-26 18:48:16,2019-02-28 08:50:18
579,294,4,21,1,shipped,2018-02-24 13:58:02,2018-02-24 14:00:04
580,447,8,96,4,delayed,2018-10-17 05:23:06,2019-01-22 19:27:07
581,153,8,75,4,delayed,2018-06-19 07:03:48,2018-09-26 04:08:51
582,102,8,63,1,pending,2019-10-08 00:00:36,2019-10-09 00:02:40
583,391,2,58,4,pending,2018-09-10 13:54:42,2018-09-13 04:58:47
584,221,7,53,4,on hold,2018-02-28 19:11:23,2018-03-11 18:12:23
585,148,8,57,4,shipped,2018-01-17 06:45:55,2018-01-17 08:45:58
586,604,2,14,1,shipped,2018-01-28 02:31:34,2018-01-28 03:31:35
587,637,8,68,1,on hold,2018-03-14 13:17:25,2018-03-22 07:21:26
588,524,2,52,2,pending,2018-05-08 10:50:31,2018-05-08 22:50:33
589,101,6,25,4,on hold,2020-02-08 03:22:58,2020-03-13 14:22:58
590,89,4,78,4,pending,2018-09-06 09:40:43,2018-09-07 21:46:45
591,363,7,90,1,pending,2018-02-02 22:36:55,2018-02-06 18:38:00
592,535,,47,4,pending,2019-03-17 02:17:11,2019-03-20 11:19:14
593,204,4,97,4,delayed,2020-02-10 06:53:32,2020-03-04 18:53:37
594,107,7,74,1,shipped,2020-02-22 13:34:36,2020-02-22 14:35:36
595,441,7,4,4,pending,2018-03-25 03:56:29,2018-03-25 11:02:30
596,226,2,1,4,shipped,2018-09-13 00:47:36,2018-09-13 01:47:36
597,679,8,57,4,pending,2019-04-05 00:23:42,2019-04-08 20:25:44
598,758,8,36,4,on hold,2018-02-14 04:43:46,2018-02-10 14:49:46
599,782,,26,4,on hold,2019-05-11 07:03:01,2019-05-21 09:09:07
600,217,4,54,4,shipped,2018-07-01 19:42:07,2018-07-01 19:45:10
601,476,4,29,4,pending,2018-05-25 04:19:24,2018-05-27 20:24:28
602,748,7,49,4,on hold,2018-11-22 08:28:16,2018-11-28 21:33:16
603,680,4,97,1,on hold,2018-11-13 07:57:34,2018-11-26 04:03:35
604,159,4,10,3,on hold,2019-01-10 13:23:46,2019-01-06 07:23:47
605,782,7,89,1,shipped,2019-01-29 07:26:26,2019-01-29 09:28:31
606,703,7,89,4,on hold,2019-07-27 18:12:17,2019-08-21 05:12:20
607,603,2,58,4,delayed,2019-10-09 23:43:07,2020-12-04 09:46:10
608,352,7,100,1,pending,2018-09-21 01:20:46,2018-09-22 11:21:46
609,375,7,9,2,delayed,2018-01-06 10:12:28,2018-01-29 11:13:34
610,325,4,93,1,delayed,2020-02-29 13:19:09,2020-04-29 17:22:15
611,600,4,34,4,pending,2018-03-01 11:17:38,2018-03-02 01:22:43
612,479,8,83,4,delayed,2018-07-23 02:08:59,2018-10-26 03:14:59
613,109,4,17,1,pending,2018-02-13 02:30:34,2018-02-15 01:31:36
614,9,8,84,4,pending,2019-11-14 15:05:19,2019-11-17 00:05:19
615,517,8,95,4,pending,2019-01-28 12:18:16,2019-01-30 01:20:21
616,126,8,57,4,on hold,2018-02-26 04:12:06,2018-03-28 01:18:11
617,75,7,98,4,on hold,2018-05-16 03:30:43,2018-05-24 19:31:44
618,122,8,79,1,shipped,2018-12-06 15:03:43,2018-12-06 16:09:44
619,401,4,97,1,delayed,2018-01-16 03:26:16,2018-03-16 08:28:19
620,222,6,85,4,pending,2018-06-14 10:18:08,2018-06-14 16:22:09
621,597,2,58,4,on hold,2019-05-28 06:38:32,2019-06-28 21:44:38
622,372,,26,4,on hold,2018-05-31 15:13:21,2018-06-01 11:19:23
623,145,7,53,4,delayed,2019-02-27 11:57:35,2019-04-14 00:59:38
624,646,4,92,4,shipped,2019-10-13 07:26:03,2019-10-13 09:28:09
625,379,7,2,4,pending,2019-04-08 05:10:22,2019-04-10 04:14:22
626,492,6,73,4,delayed,2018-11-01 14:13:56,2018-11-21 00:19:56
627,664,4,93,4,shipped,2019-11-20 22:30:53,2019-11-21 00:32:59
628,233,7,41,1,delayed,2018-11-22 04:37:56,2018-01-08 20:39:02
629,672,4,55,2,delayed,2018-10-19 07:27:04,2018-11-20 02:30:06
630,498,8,57,3,on hold,2019-10-03 04:43:46,2019-10-24 07:46:50
631,131,2,52,3,delayed,2019-04-12 19:57:17,2019-07-14 19:59:23
632,723,8,79,4,pending,2018-01-10 15:06:51,2018-01-12 23:12:53
633,673,4,22,1,delayed,2019-08-17 16:39:12,2019-11-30 07:45:18
634,150,4,18,4,delayed,2020-02-12 18:30:41,2020-03-01 17:30:41
635,20,4,93,4,pending,2018-09-02 20:19:50,2018-09-06 13:22:54
636,487,8,84,4,shipped,2018-05-06 03:50:32,2018-05-06 04:52:33
637,577,8,42,4,shipped,2018-06-20 09:33:50,2018-06-20 10:39:55
638,480,8,61,4,on hold,2018-02-13 07:47:19,2018-02-21 13:53:23
639,451,6,12,1,pending,2018-04-15 19:43:33,2018-04-19 21:44:39
640,679,8,96,4,delayed,2019-01-14 02:42:44,2019-03-17 00:44:46
641,396,4,34,1,shipped,2019-12-21 06:59:21,2019-12-21 07:02:24
642,771,7,90,4,delayed,2019-12-29 13:49:17,2020-01-15 05:52:20
643,586,8,35,4,on hold,2018-09-07 23:32:53,2018-10-22 01:36:58
644,346,6,40,4,shipped,2019-05-05 11:49:02,2019-05-05 11:53:08
645,225,8,50,4,pending,2019-07-22 01:43:41,2019-07-25 10:44:44
646,428,2,91,1,pending,2018-12-29 19:26:52,2018-01-30 04:31:53
647,633,8,83,4,on hold,2019-01-13 19:11:21,2019-02-28 00:17:27
648,305,6,85,1,on hold,2018-12-22 12:07:13,2019-01-28 09:11:13
649,628,6,73,4,shipped,2019-04-15 06:01:21,2019-04-15 07:04:25
650,23,8,36,4,delayed,2018-09-26 01:50:11,2018-12-01 23:56:17
651,428,8,84,1,on hold,2019-09-21 18:26:48,2019-09-27 14:29:50
652,599,4,55,1,shipped,2018-10-14 02:44:41,2018-10-14 04:49:45
653,51,4,67,4,shipped,2019-01-24 18:15:02,2019-01-24 18:15:03
654,724,2,91,3,shipped,2019-11-08 10:56:28,2019-11-08 12:01:29
655,743,7,24,4,pending,2019-02-09 09:34:30,2019-02-09 09:37:35
656,299,7,60,4,delayed,2018-10-02 16:42:06,2018-12-16 18:46:08
657,260,2,1,4,delayed,2019-04-14 22:28:21,2019-07-11 14:30:22
658,681,7,49,1,shipped,2019-06-01 20:14:17,2019-06-01 21:18:18
659,498,6,25,4,on hold,2020-02-10 02:33:55,2020-03-26 20:38:59
660,245,6,40,2,on hold,2019-08-09 11:20:41,2019-08-05 22:26:44
661,663,4,22,4,on hold,2018-07-21 07:45:43,2018-08-01 18:46:43
662,110,8,77,2,delayed,2020-02-09 10:53:17,2020-03-14 17:58:20
663,701,7,66,4,on hold,2019-07-17 14:19:35,2019-08-18 21:19:35
664,282,8,80,1,delayed,2019-01-27 20:08:31,2019-03-15 08:14:33
665,635,8,96,4,pending,2020-02-03 21:35:46,2020-02-05 22:39:52
666,126,2,19,4,shipped,2019-01-06 09:10:18,2019-01-06 10:13:24
667,689,7,89,4,delayed,2018-06-02 10:45:36,2018-07-16 04:50:39
668,664,2,1,2,pending,2018-06-22 14:00:41,2018-06-23 07:04:43
669,205,4,69,1,pending,2019-05-19 23:56:31,2019-05-20 19:02:36
670,491,7,38,4,shipped,2019-08-30 10:50:34,2019-08-30 12:55:34
671,453,8,88,3,pending,2018-08-14 15:43:24,2018-08-17 16:45:28
672,405,4,92,4,shipped,2018-06-26 22:32:08,2018-06-26 22:37:09
673,378,,48,2,pending,2018-11-12 10:32:02,2018-11-14 17:36:05
674,586,7,39,4,pending,2019-11-03 22:25:49,2019-11-05 08:25:55
675,632,7,38,4,shipped,2018-05-23 12:43:51,2018-05-23 12:43:56
676,591,8,36,4,pending,2018-11-15 22:45:44,2018-11-18 14:46:48
677,49,7,41,4,shipped,2018-06-12 19:53:05,2018-06-12 21:53:10
678,506,8,28,1,delayed,2018-09-03 14:22:46,2018-10-17 03:23:49
679,550,7,9,4,pending,2019-08-21 05:00:30,2019-08-22 19:01:33
680,81,7,56,4,shipped,2018-02-26 11:31:06,2018-02-26 13:32:10
681,687,8,75,4,pending,2020-01-28 20:57:03,2020-01-01 15:02:05
682,133,8,37,1,shipped,2018-05-22 23:39:49,2018-05-22 23:45:50
683,439,4,99,4,on hold,2018-10-22 09:57:41,2018-10-25 00:59:46
684,490,7,4,4,pending,2020-02-04 19:00:29,2020-02-05 19:02:31
685,184,8,70,4,pending,2019-06-20 06:01:21,2019-06-23 16:07:22
686,626,8,28,3,pending,2019-12-06 09:48:25,2019-12-10 11:54:27
687,758,7,90,4,delayed,2018-10-07 10:37:13,2018-01-25 15:37:19
688,759,6,40,3,shipped,2018-01-20 11:08:14,2018-01-20 11:10:17
689,786,8,83,1,on hold,2020-02-23 20:25:21,2020-03-08 23:31:26
690,241,8,63,4,on hold,2019-07-17 08:01:17,2019-08-08 02:02:19
691,515,7,27,4,delayed,2018-08-09 12:39:40,2018-09-01 15:43:46
692,402,6,25,4,shipped,2018-06-29 01:58:38,2018-06-29 02:58:43
693,125,7,89,4,pending,2018-09-01 02:24:23,2018-09-01 01:30:24
694,526,4,92,4,pending,2018-07-21 21:10:06,2018-07-25 14:14:10
695,217,8,7,4,pending,2019-05-23 06:01:05,2019-05-27 06:04:08
696,431,2,14,4,delayed,2019-08-25 06:58:01,2019-09-23 19:02:04
697,198,4,55,1,on hold,2018-06-06 15:21:21,2018-06-07 18:23:22
698,613,6,25,4,shipped,2019-07-25 01:53:49,2019-07-25 02:56:49
699,14,2,91,4,pending,2019-11-09 13:41:06,2019-11-10 18:42:10
700,108,2,91,4,on hold,2019-05-10 13:49:21,2019-05-29 06:55:24
701,591,4,86,4,on hold,2019-06-10 17:07:50,2019-06-03 19:10:54
702,135,8,82,4,shipped,2018-07-10 04:09:06,2018-07-10 06:15:10
703,544,8,88,4,delayed,2019-10-16 23:18:46,2019-11-08 23:24:46
704,471,6,12,1,shipped,2018-01-11 06:22:32,2018-01-11 08:24:35
705,729,4,78,4,shipped,2018-12-19 07:06:07,2018-12-19 07:11:09
706,782,4,22,1,shipped,2019-04-10 11:44:57,2019-04-10 13:47:57
707,682,4,55,1,shipped,2020-02-02 10:10:54,2020-02-02 12:16:54
708,313,8,95,4,on hold,2019-12-05 23:56:36,2019-12-15 05:00:37
709,268,8,80,1,delayed,2018-07-02 00:40:55,2018-08-11 11:40:55
710,784,7,87,1,delayed,2019-07-30 23:22:28,2019-10-15 14:27:33
711,542,4,86,4,on hold,2019-07-24 23:13:16,2019-07-26 18:19:21
712,708,8,83,3,pending,2018-07-29 10:39:19,2018-07-01 15:42:23
713,660,8,,4,shipped,2018-04-27 05:43:43,2018-04-27 07:48:47
714,419,8,7,2,delayed,2019-06-02 01:09:45,2019-06-08 13:11:47
715,280,8,96,4,shipped,2018-06-09 10:43:45,2018-06-09 11:43:46
716,338,4,92,3,delayed,2020-02-28 08:15:03,2020-04-07 12:16:04
717,664,7,4,4,delayed,2018-08-17 05:41:38,2018-10-20 20:41:43
718,223,7,49,1,shipped,2019-11-28 18:20:36,2019-11-28 20:23:38
719,595,6,85,4,pending,2018-07-24 22:03:44,2018-07-28 13:03:50
720,737,4,18,3,pending,2020-02-01 15:42:08,2020-02-03 00:45:11
721,467,3,81,1,pending,2019-11-28 18:14:56,2019-12-29 00:17:57
722,444,2,52,1,on hold,2019-04-06 04:18:32,2019-04-08 05:23:34
723,400,4,18,4,shipped,2020-01-03 04:20:07,2020-01-03 06:25:12
724,213,8,77,1,delayed,2018-06-06 11:54:15,2018-07-18 13:00:19
725,334,4,13,1,delayed,2018-04-25 23:43:14,2018-06-18 01:49:16
726,175,4,55,4,delayed,2020-02-09 17:52:55,2020-04-09 15:53:58
727,642,7,100,1,delayed,2020-01-15 13:15:26,2020-02-05 06:18:31
728,702,4,97,4,delayed,2019-05-14 02:06:51,2019-07-13 02:08:52
729,163,2,62,2,delayed,2018-01-19 13:08:51,2018-03-29 16:14:52
730,105,4,6,1,delayed,2019-12-21 08:22:24,2020-02-23 05:23:30
731,622,2,62,4,pending,2018-10-08 03:53:06,2018-10-10 04:55:07
732,263,7,59,4,pending,2018-06-29 04:31:39,2018-07-01 05:35:41
733,462,8,88,4,pending,2018-08-08 22:58:18,2018-08-09 13:59:20
734,407,2,91,2,shipped,2019-07-04 18:14:07,2019-07-04 18:18:11
735,397,8,80,4,on hold,2020-03-02 19:33:54,2020-03-29 22:38:54
736,282,,26,1,delayed,2018-08-16 01:20:58,2018-09-28 19:27:01
737,id,8,30,1,shipped,2019-06-10 15:10:19,2019-06-10 17:13:20
738,527,4,20,4,pending,2019-04-07 06:06:22,2019-04-07 11:07:23
739,169,8,83,4,delayed,2018-09-06 16:49:12,2018-10-01 19:49:18
740,245,4,67,4,on hold,2018-07-23 11:11:59,2018-08-27 10:16:59
741,708,7,76,3,on hold,2019-05-17 20:51:13,2019-05-05 22:53:19
742,227,7,38,4,delayed,2019-12-23 20:39:08,2020-03-01 11:39:08
743,736,8,35,4,pending,2018-06-24 04:27:53,2018-06-25 18:33:56
744,520,7,66,4,shipped,2019-10-28 04:30:21,2019-10-28 06:31:26
745,434,4,18,4,shipped,2019-02-20 18:01:07,2019-02-20 18:03:10
746,286,8,7,4,delayed,2018-12-21 21:12:01,2019-02-13 07:16:03
747,484,8,65,1,delayed,2018-12-21 14:21:27,2019-02-26 23:26:30
748,257,4,6,1,shipped,2018-05-19 12:18:10,2018-05-19 12:19:11
749,782,2,19,4,delayed,2018-08-06 10:10:00,2018-08-15 12:15:03
750,50,4,10,2,delayed,2018-11-15 06:26:14,2018-01-06 15:27:17
751,599,8,70,2,shipped,2019-02-17 23:37:45,2019-02-17 00:38:45
752,689,7,60,4,shipped,2019-04-26 08:11:09,2019-04-26 10:12:14
753,601,8,30,4,delayed,2018-07-01 07:50:57,2018-09-20 07:54:02
754,537,7,66,4,shipped,2020-01-16 17:44:06,2020-01-16 19:47:09
755,323,6,25,1,on hold,2018-10-18 01:07:07,2018-11-28 08:08:11
756,211,7,60,4,delayed,2018-08-28 18:24:41,2018-11-31 23:25:46
757,685,8,16,4,shipped,2019-03-16 02:10:17,2019-03-16 04:13:17
758,368,4,17,4,delayed,2018-08-01 09:10:27,2018-08-07 21:15:27
759,298,7,44,4,on hold,2019-11-14 08:26:27,2019-12-23 22:31:30
760,508,8,77,4,shipped,2019-05-29 21:11:45,2019-05-29 23:15:49
761,756,8,80,4,delayed,2019-07-06 02:39:49,2019-09-23 00:45:52
762,93,4,13,4,pending,2019-09-20 01:29:41,2019-09-20 17:33:46
763,296,4,46,4,delayed,2019-03-06 00:12:16,2019-04-31 02:15:18
764,276,7,4,4,pending,2019-12-20 06:45:47,2019-12-20 01:50:50
765,323,4,15,3,pending,2019-06-27 20:20:00,2019-07-30 05:24:04
766,654,4,43,4,pending,2018-06-21 12:17:23,2018-06-23 02:20:28
767,531,2,14,1,shipped,2019-10-19 09:11:23,2019-10-19 10:11:23
768,777,4,15,4,delayed,2018-12-20 18:16:54,2019-03-02 08:21:58
769,455,4,99,1,pending,2018-05-28 20:27:19,2018-05-29 03:31:19
770,744,3,81,4,delayed,2019-04-11 21:07:19,2019-05-18 03:13:21
771,477,3,81,1,pending,2018-10-10 13:51:55,2018-10-13 21:56:56
772,220,7,59,4,shipped,2020-02-08 22:31:46,2020-02-09 22:31:48
773,544,4,10,4,pending,2018-05-09 18:33:07,2018-05-11 08:36:12
774,630,7,9,4,delayed,2019-09-03 10:48:03,2019-09-09 19:54:05
775,366,4,21,4,pending,2019-04-02 04:27:27,2019-04-02 00:29:31
776,141,4,55,4,shipped,2019-06-23 15:00:56,2019-06-23 16:02:02
777,482,4,67,3,on hold,2018-03-15 06:43:53,2018-03-31 17:44:57
778,636,8,36,4,on hold,2019-04-21 08:02:26,2019-05-03 12:03:29
779,92,4,46,4,pending,2018-03-05 06:35:04,2018-03-07 18:41:07
780,695,7,3,4,shipped,2020-01-02 23:17:56,2020-01-03 23:18:57
781,533,7,44,2,pending,2018-01-06 13:34:28,2018-01-07 04:36:33
782,437,4,18,1,on hold,2018-07-13 23:30:02,2018-07-31 01:33:08
783,761,8,96,4,pending,2018-10-01 17:11:47,2018-10-02 06:11:50
784,167,4,69,1,shipped,2018-07-05 16:39:57,2018-07-05 17:39:57
785,555,8,36,4,on hold,2018-02-10 12:11:18,2018-02-23 22:15:22
786,707,7,100,2,pending,2020-01-12 17:05:53,2020-01-15 07:07:58
787,781,8,37,4,delayed,2019-11-19 23:04:07,2020-12-27 06:06:13
788,106,4,99,4,delayed,2019-06-21 00:31:30,2019-07-23 23:36:34
789,255,8,50,2,on hold,2019-11-27 06:11:30,2019-12-11 23:11:31
790,195,4,55,4,pending,2020-02-07 18:56:31,2020-02-10 01:02:34
791,588,4,34,1,on hold,2019-07-08 13:27:46,2019-07-20 16:31:48
792,168,7,3,2,delayed,2019-09-14 13:54:23,2019-12-01 16:57:29
793,353,8,36,3,shipped,2019-12-04 03:08:09,2019-12-04 05:14:11
794,521,4,86,4,delayed,2018-09-20 12:02:48,2018-11-17 00:05:54
795,602,8,36,4,on hold,2019-10-19 02:37:33,2019-11-02 19:41:33
796,649,,47,1,shipped,2018-12-18 11:45:27,2018-12-18 11:49:32
797,136,6,12,4,on hold,2018-12-06 09:11:02,2018-12-13 15:12:03
798,632,8,77,4,pending,2019-09-13 14:36:58,2019-09-15 00:37:03
799,55,7,39,4,on hold,2018-01-08 11:54:06,2018-01-20 20:56:11
800,65,7,66,4,on hold,2018-10-09 23:32:50,2018-10-29 21:37:52
801,757,8,50,2,on hold,2019-07-29 03:34:19,2019-08-23 10:38:20
802,317,7,2,2,pending,2019-07-23 23:38:47,2019-07-27 21:40:49
803,511,8,63,4,delayed,2019-06-18 13:47:48,2019-09-24 09:50:48
804,555,4,23,4,pending,2018-10-05 09:55:43,2018-10-09 16:58:47
805,554,8,63,2,delayed,2019-10-28 13:03:17,2019-11-24 18:09:22
806,331,8,33,4,delayed,2019-02-02 16:51:17,2019-04-03 07:51:17
807,406,2,91,3,pending,2019-08-27 17:36:17,2019-08-29 13:40:21
808,205,8,42,4,on hold,2020-01-14 09:09:38,2020-02-30 14:13:40
809,246,2,51,1,on hold,2019-11-19 07:38:48,2019-11-11 17:41:50
810,726,7,27,1,shipped,2019-05-01 22:02:10,2019-05-02 00:05:12
811,16,3,81,4,pending,2018-11-13 16:31:00,2018-11-15 03:34:02
812,568,8,8,4,pending,2018-03-08 23:05:16,2018-03-09 16:11:16
813,625,,47,4,delayed,2019-04-13 07:58:14,2019-07-19 20:04:19
814,490,8,36,1,delayed,2018-09-12 15:31:55,2018-09-02 12:34:57
815,282,4,69,1,pending,2018-07-21 18:15:15,2018-07-24 14:17:21
816,524,4,72,4,pending,2018-02-25 22:27:55,2018-03-01 14:32:00
817,626,7,24,4,pending,2018-04-29 02:47:49,2018-04-03 14:50:52
818,49,4,43,4,shipped,2019-11-11 23:06:09,2019-11-11 00:11:10
819,363,4,72,4,shipped,2019-01-08 11:48:57,2019-01-08 12:55:03
820,167,8,,1,shipped,2019-06-15 19:07:06,2019-06-15 19:12:08
821,475,7,4,4,shipped,2018-12-24 15:42:03,2018-12-24 17:42:03
822,585,4,69,1,shipped,2019-12-26 16:01:36,2019-12-26 16:06:42
823,725,7,9,4,on hold,2019-07-04 07:16:29,2019-07-22 19:16:30
824,538,8,11,4,on hold,2019-01-08 02:20:26,2019-01-31 09:20:31
825,72,8,96,4,on hold,2019-08-09 12:56:31,2019-08-25 03:00:36
826,79,8,35,4,delayed,2020-02-28 15:28:59,2020-04-07 16:32:02
827,71,6,40,4,shipped,2018-01-04 23:30:07,2018-01-05 01:31:07
828,263,,48,4,pending,2019-07-26 20:38:18,2019-07-28 14:38:23
829,579,4,93,1,shipped,2018-03-04 12:51:53,2018-03-04 14:51:55
830,716,4,21,4,delayed,2019-07-15 21:44:28,2019-10-23 19:50:33
831,489,4,45,4,on hold,2020-02-19 18:36:11,2020-02-12 00:41:15
832,220,7,49,1,on hold,2018-09-04 11:50:49,2018-09-30 17:54:55
833,518,4,13,2,pending,2018-11-23 05:23:52,2018-11-26 05:26:58
834,212,7,100,4,delayed,2019-08-08 13:07:20,2019-10-04 14:13:25
835,784,8,30,4,on hold,2020-02-27 00:38:17,2020-03-15 14:41:21
836,257,7,59,4,delayed,2018-11-10 23:25:24,2018-11-25 06:31:24
837,564,,26,4,shipped,2019-10-18 01:39:52,2019-10-18 03:45:54
838,109,8,88,4,delayed,2019-07-05 13:56:57,2019-09-10 19:03:00
839,731,7,60,4,delayed,2019-10-22 04:39:15,2019-01-02 07:41:19
840,194,7,94,4,pending,2020-01-26 17:25:55,2020-01-27 00:25:59
841,428,,26,4,on hold,2019-12-15 11:29:10,2020-12-10 14:31:11
842,164,8,8,4,pending,2019-10-21 22:30:35,2019-10-25 23:33:35
843,509,6,25,4,delayed,2018-11-30 05:13:25,2019-01-15 08:13:27
844,384,8,80,4,delayed,2020-01-29 12:19:07,2020-04-13 00:22:07
845,466,8,65,3,shipped,2020-01-03 09:46:34,2020-01-03 10:49:40
846,124,7,89,4,shipped,2020-02-16 22:07:11,2020-02-16 22:11:12
847,307,4,17,4,delayed,2018-10-20 00:47:55,2018-10-09 19:50:00
848,235,7,94,4,delayed,2018-05-08 05:04:58,2018-07-16 21:05:01
849,34,8,64,1,pending,2019-08-20 13:56:33,2019-08-21 09:00:37
850,478,2,52,1,delayed,2018-01-23 19:40:16,2018-03-07 00:45:21
851,534,7,60,3,pending,2019-10-02 03:35:10,2019-10-02 02:36:10
852,309,8,,4,delayed,2018-08-31 22:36:53,2018-10-07 09:37:56
853,153,8,,4,pending,2019-06-09 06:48:14,2019-06-09 02:51:15
854,628,7,87,4,on hold,2020-01-26 07:52:25,2020-02-17 03:54:30
855,59,7,49,2,shipped,2018-03-12 12:36:42,2018-03-12 14:37:42
856,487,7,76,4,pending,2019-08-04 04:52:45,2019-08-07 01:57:51
857,20,4,22,4,on hold,2019-05-10 18:11:34,2019-05-10 14:12:37
858,57,8,70,1,on hold,2019-05-28 19:01:53,2019-06-09 00:03:56
859,506,7,60,1,pending,2019-02-16 17:56:53,2019-02-20 17:59:59
860,36,,26,2,pending,2019-03-28 11:32:21,2019-03-30 04:37:21
861,274,7,2,4,pending,2019-10-09 20:06:00,2019-10-13 15:10:01
862,750,8,88,4,on hold,2018-06-22 23:02:05,2018-07-25 04:04:08
863,11,4,71,1,pending,2019-01-14 12:53:52,2019-01-18 20:55:52
864,594,2,1,4,shipped,2020-01-04 19:02:50,2020-01-04 21:03:56
865,709,7,87,4,delayed,2019-07-26 00:41:00,2019-09-30 16:41:04
866,396,6,12,1,delayed,2018-10-11 18:27:34,2018-11-05 01:30:37
867,362,8,33,1,delayed,2019-09-21 19:13:25,2019-10-20 09:16:27
868,180,4,97,3,shipped,2019-03-28 00:22:22,2019-03-28 00:27:23
869,734,8,7,4,pending,2019-01-12 01:45:20,2019-01-14 06:51:22
870,498,8,82,1,pending,2019-05-01 03:44:40,2019-05-01 17:46:41
871,714,8,36,4,delayed,2018-11-12 09:19:33,2019-12-20 21:21:39
872,652,4,43,4,on hold,2019-08-07 11:14:50,2019-08-13 12:20:56
873,219,2,58,4,on hold,2018-06-01 20:38:26,2018-06-21 11:38:29
874,412,4,92,4,pending,2019-11-26 08:15:09,2019-11-28 21:19:11
875,685,7,60,4,on hold,2019-05-09 00:03:46,2019-05-18 11:05:52
876,51,6,12,1,pending,2020-01-14 20:10:44,2020-01-18 09:12:49
877,752,2,91,4,delayed,2020-01-05 00:28:52,2020-03-06 15:34:52
878,284,4,13,4,shipped,2019-03-01 20:42:02,2019-03-01 20:47:02
879,527,8,68,4,delayed,2019-10-23 20:01:05,2019-10-05 16:06:10
880,300,7,74,4,pending,2019-09-17 05:54:25,2019-09-20 19:54:29
881,150,8,95,4,pending,2019-07-24 05:30:04,2019-07-24 10:30:09
882,2,8,35,4,shipped,2019-12-07 10:38:10,2019-12-07 12:40:15
883,663,8,82,4,delayed,2019-04-13 14:06:45,2019-06-10 13:08:50
884,359,7,4,4,delayed,2019-12-21 21:24:31,2020-02-06 23:28:32
885,198,4,10,1,pending,2019-05-21 09:56:50,2019-05-24 16:56:50
886,443,8,88,4,shipped,2018-09-26 12:53:44,2018-09-26 14:55:50
887,572,2,14,1,pending,2018-03-13 03:31:15,2018-03-13 08:32:15
888,195,4,71,4,shipped,2019-07-28 22:11:08,2019-07-29 00:17:12
889,545,4,78,4,on hold,2018-11-29 03:43:05,2018-12-08 06:44:08
890,484,4,55,3,on hold,2018-01-16 11:32:31,2018-01-21 02:33:33
891,543,8,65,4,pending,2018-01-04 07:46:32,2018-01-08 20:50:33
892,517,8,96,3,on hold,2018-04-22 20:40:54,2018-04-30 03:46:58
893,738,8,68,4,pending,2019-09-12 03:00:10,2019-09-12 00:02:15
894,325,6,12,4,on hold,2019-04-13 18:02:27,2019-05-27 23:06:28
895,208,8,,4,delayed,2019-01-30 19:45:13,2019-03-12 23:51:15
896,246,8,64,4,pending,2019-05-20 19:50:51,2019-05-21 05:50:57
897,108,8,83,4,pending,2018-04-13 22:47:26,2018-04-16 07:48:28
898,527,8,42,4,delayed,2019-07-26 03:51:34,2019-09-19 21:57:39
899,650,2,58,4,pending,2018-07-10 01:45:52,2018-07-11 01:48:53
900,628,4,21,1,on hold,2018-11-04 12:38:08,2018-11-11 12:44:14
901,607,8,64,4,delayed,2019-02-17 10:41:33,2019-04-18 23:46:39
902,782,2,14,4,shipped,2018-06-30 04:25:26,2018-06-30 04:27:32
903,781,4,67,1,pending,2018-08-16 20:46:21,2018-08-18 20:49:24
904,674,4,46,4,delayed,2018-12-28 04:21:28,2019-02-21 01:27:33
905,256,7,66,4,on hold,2018-04-03 15:43:54,2018-04-04 10:48:54
906,373,4,54,4,pending,2018-01-30 13:26:25,2018-01-01 21:28:29
907,292,8,75,3,on hold,2019-11-09 05:16:35,2019-12-11 01:21:35
908,397,7,4,1,on hold,2018-09-02 12:57:43,2018-09-13 15:58:45
909,409,7,4,1,pending,2019-01-22 21:47:03,2019-01-24 06:52:09
910,757,4,78,4,on hold,2020-02-25 10:08:23,2020-02-10 20:10:29
911,58,8,28,4,shipped,2019-07-11 23:32:11,2019-07-11 23:33:17
912,423,7,9,1,on hold,2019-06-01 23:31:36,2019-06-08 20:31:40
913,476,2,14,4,on hold,2019-06-19 21:06:28,2019-07-14 16:07:30
914,218,4,99,4,pending,2019-09-10 10:54:28,2019-09-11 05:59:28
915,228,2,62,4,on hold,2019-05-30 20:39:41,2019-06-11 05:40:43
916,654,8,31,1,shipped,2019-03-13 01:36:09,2019-03-13 03:38:11
917,386,2,51,1,delayed,2018-02-06 02:15:31,2018-02-01 10:20:31
918,22,6,85,4,delayed,2018-06-26 07:26:26,2018-07-17 10:29:31
919,716,8,42,2,delayed,2019-03-24 13:37:49,2019-04-11 09:40:50
920,206,4,21,4,on hold,2018-12-21 02:40:15,2018-01-26 03:41:19
921,385,4,97,3,shipped,2018-01-29 14:18:17,2018-01-29 14:21:21
922,486,2,14,1,on hold,2019-09-03 00:31:04,2019-09-22 02:31:08
923,490,4,18,2,shipped,2019-11-25 04:29:20,2019-11-25 06:32:24
924,674,7,66,4,pending,2018-09-23 14:14:52,2018-09-24 08:17:56
925,285,3,81,4,delayed,2018-04-24 12:08:30,2018-05-29 15:09:34
926,629,7,94,4,pending,2018-06-06 02:34:37,2018-06-08 16:35:41
927,301,8,33,1,shipped,2019-04-11 07:47:02,2019-04-11 09:52:06
928,39,4,18,4,shipped,2018-01-09 20:27:07,2018-01-09 21:28:13
929,474,8,63,4,pending,2018-11-18 22:34:28,2018-11-22 10:38:30
930,259,8,57,3,shipped,2018-03-03 21:36:03,2018-03-03 21:36:07
931,86,7,38,4,shipped,2018-03-17 06:47:21,2018-03-17 07:52:21
932,722,8,42,1,pending,2019-04-01 21:16:43,2019-04-05 21:19:45
933,213,7,2,4,pending,2018-07-06 01:27:55,2018-07-06 18:33:01
934,473,4,15,4,pending,2019-08-21 20:29:08,2019-08-23 22:33:12
935,781,4,54,4,shipped,2020-01-28 11:02:51,2020-01-28 13:06:54
936,365,8,36,1,on hold,2019-02-19 19:48:32,2019-02-18 05:52:37
937,254,7,74,4,shipped,2018-08-30 02:06:01,2018-08-30 04:12:01
938,659,4,46,4,shipped,2018-08-19 12:34:48,2018-08-19 13:36:50
939,172,7,87,1,on hold,2018-06-27 09:03:11,2018-07-09 21:03:17
940,155,2,14,4,on hold,2019-06-23 11:02:27,2019-07-09 11:07:29
941,676,8,95,4,on hold,2019-04-27 19:00:29,2019-05-16 00:01:31
942,385,4,93,2,delayed,2018-11-05 06:22:50,2019-12-10 22:25:54
943,576,6,12,4,pending,2018-06-14 21:55:26,2018-06-17 13:00:29
944,590,6,40,4,pending,2018-09-14 18:55:37,2018-09-17 00:58:41
945,510,7,44,4,shipped,2020-01-13 11:39:32,2020-01-13 11:40:37
946,405,4,43,4,pending,2019-03-01 09:38:10,2019-03-03 03:39:16
947,515,8,36,1,shipped,2019-11-27 05:09:06,2019-11-27 06:15:06
948,29,4,86,4,on hold,2018-02-09 04:53:39,2018-02-24 04:59:39
949,588,4,71,1,delayed,2019-10-22 16:09:15,2019-11-22 13:14:15
950,717,7,38,4,shipped,2018-12-06 00:04:01,2018-12-06 02:04:07
951,144,6,12,1,shipped,2019-09-09 05:06:19,2019-09-09 07:10:23
952,686,6,25,4,delayed,2018-01-25 04:17:25,2018-02-01 10:20:26
953,744,8,16,4,on hold,2018-05-20 08:09:35,2018-06-22 18:15:35
954,20,7,94,1,pending,2018-02-22 19:47:31,2018-02-25 17:48:35
955,595,7,98,4,shipped,2019-10-06 18:41:53,2019-10-06 19:46:55
956,195,,48,3,shipped,2018-10-04 22:49:12,2018-10-04 22:49:12
957,421,7,74,4,delayed,2020-02-15 09:18:33,2020-02-22 15:18:39
958,123,4,23,4,shipped,2018-04-18 04:38:21,2018-04-18 06:39:22
959,676,8,65,4,on hold,2020-01-14 07:46:12,2020-01-03 10:48:17
960,561,7,90,4,pending,2018-11-20 22:04:46,2018-11-21 22:10:50
961,62,8,64,4,delayed,2020-01-16 09:01:17,2020-03-28 15:03:17
962,776,8,37,4,delayed,2019-11-29 10:19:44,2020-01-03 07:25:44
963,250,8,30,2,on hold,2019-11-21 13:08:46,2019-12-17 13:11:52
964,631,7,4,1,pending,2019-12-27 11:43:57,2019-12-30 15:47:57
965,435,4,99,4,delayed,2019-03-17 11:44:42,2019-06-04 23:46:44
966,540,4,97,1,shipped,2018-07-10 23:53:01,2018-07-11 01:56:05
967,638,7,94,1,delayed,2019-06-30 18:42:01,2019-09-21 21:43:03
968,264,2,51,1,delayed,2018-06-07 05:59:07,2018-07-26 10:00:09
969,257,8,64,3,delayed,2019-07-20 05:01:37,2019-08-17 09:07:38
970,372,8,57,4,on hold,2018-09-27 21:30:05,2018-10-29 10:30:11
971,73,7,89,1,on hold,2018-08-07 23:36:52,2018-08-14 01:42:52
972,568,8,11,4,shipped,2019-03-14 10:04:33,2019-03-14 10:06:39
973,52,8,7,1,shipped,2019-02-16 05:24:59,2019-02-16 07:28:04
974,491,8,16,3,delayed,2018-05-10 03:58:29,2018-07-03 18:58:33
975,705,4,6,4,delayed,2018-08-25 12:52:44,2018-09-09 17:56:48
976,149,2,62,4,pending,2018-04-15 18:50:34,2018-04-16 04:54:40
977,766,8,57,4,delayed,2018-09-13 03:30:07,2018-10-07 21:34:07
978,576,8,16,4,delayed,2018-04-16 14:31:18,2018-05-17 02:31:24
979,51,4,97,1,shipped,2019-02-13 06:14:36,2019-02-13 06:17:36
980,458,4,54,4,shipped,2018-02-15 09:51:18,2018-02-15 09:56:22
981,275,4,93,4,delayed,2019-10-22 03:14:28,2020-11-03 22:16:33
982,549,4,43,1,shipped,2019-04-17 07:28:49,2019-04-17 09:29:55
983,494,4,15,1,pending,2018-02-22 18:16:44,2018-02-25 12:22:50
984,754,8,82,4,shipped,2018-09-14 15:17:20,2018-09-14 17:18:20
985,113,8,68,4,shipped,2018-01-07 17:07:06,2018-01-07 17:09:10
986,208,7,74,4,on hold,2018-04-11 12:53:38,2018-05-08 18:55:44
987,407,4,32,1,on hold,2019-05-01 04:54:27,2019-05-25 00:00:27
988,521,4,45,4,shipped,2018-10-24 06:27:20,2018-10-24 07:29:23
989,628,8,61,4,delayed,2020-02-09 14:33:32,2020-04-20 11:36:37
990,556,4,13,4,delayed,2019-01-25 19:54:39,2019-04-03 02:55:42
991,361,2,58,2,pending,2019-10-16 02:26:22,2019-10-17 09:27:24
992,6,4,86,4,delayed,2018-01-13 08:35:30,2018-04-08 15:36:34
993,409,8,80,4,pending,2020-03-02 07:56:19,2020-03-02 10:56:21
994,374,8,36,4,pending,2020-03-02 23:00:47,2020-03-03 22:02:51
995,362,8,63,2,on hold,2019-07-08 16:21:42,2019-07-10 10:21:45
996,536,3,81,4,on hold,2019-05-04 04:04:20,2019-05-17 09:09:23
997,167,7,66,1,on hold,2019-03-29 15:32:16,2019-04-01 02:36:21
998,487,7,44,1,on hold,2018-01-04 12:23:46,2018-01-17 20:26:47
999,670,7,66,4,on hold,2019-07-31 22:59:48,2019-08-20 00:00:50
1000,358,8,64,4,on hold,2019-01-11 01:51:51,2019-01-07 17:56:55
